{
  "name": "AviarySDK",
  "version": "4.4.7",
  "platforms": {
    "ios": "6.0"
  },
  "summary": "Aviary's photo editing SDK for iOS.",
  "homepage": "http://developers.aviary.com/docs/ios",
  "social_media_url": "https://twitter.com/Aviary",
  "license": {
    "type": "Commercial",
    "text": "      Copyright (c) 2015 Aviary, Inc. All rights reserved.\n"
  },
  "authors": {
    "Aviary, Inc.": "api@aviary.com"
  },
  "source": {
    "http": "http://scripts.aviary.com/sdk/ios/4.4.7/Aviary-iOS-SDK.zip"
  },
  "resources": "AviarySDK-4.4.7/AviarySDK/AviarySDKResources.bundle",
  "vendored_frameworks": "AviarySDK-4.4.7/AviarySDK/AviarySDK.framework",
  "frameworks": [
    "QuartzCore",
    "Accelerate",
    "StoreKit",
    "CoreData",
    "MessageUI",
    "OpenGLES"
  ],
  "libraries": [
    "z",
    "sqlite3"
  ],
  "requires_arc": true
}
