{
    "data": [
             {
                 "id": "50fb64bd-fd39-4b2d-8b1f-7460db1a14e6",
                 "type": "house",
                 "negotiation": "sale",
                 "attributes": {
                     "energy": {
                         "documents": {}
                     },
                     "building": {
                         "renovation": {},
                         "construction": {}
                     },
                     "features": {
                         "energy": {},
                         "comfort": {},
                         "ecology": {},
                         "security": {},
                         "heating_cooling": {}
                     },
                     "settings": {},
                     "conditions": {}
                 },
                 "created_at": "2016-05-10T15:25:01+00:00",
                 "updated_at": "2016-05-10T15:25:01+00:00",
                 "properties": {
                     "data": []
                 }
             }
    ]
}